{
  "project_info": {
    "project_number": "1052453369050",
    "project_id": "catkeeper-9be74",
    "storage_bucket": "catkeeper-9be74.appspot.com"
  },
  "client": [
    {
      "client_info": {
        "mobilesdk_app_id": "1:1052453369050:android:f9f6ab40392578d5a861e3",
        "android_client_info": {
          "package_name": "com.CAT.KEEPER"
        }
      },
      "oauth_client": [
        {
          "client_id": "1052453369050-9j8vm56nmt1scr57tk7e8q06nhadrogg.apps.googleusercontent.com",
          "client_type": 1,
          "android_info": {
            "package_name": "com.CAT.KEEPER",
            "certificate_hash": "da39a3ee5e6b4b0d3255bfef95601890afd80709"
          }
        },
        {
          "client_id": "1052453369050-v7dcu19mp4pmq9g1vb38lqt2ql55f67s.apps.googleusercontent.com",
          "client_type": 3
        }
      ],
      "api_key": [
        {
          "current_key": "AIzaSyDwBSSIUycqZkA-xXB9h9RwArPPdrSr_L0"
        }
      ],
      "services": {
        "appinvite_service": {
          "other_platform_oauth_client": [
            {
              "client_id": "1052453369050-v7dcu19mp4pmq9g1vb38lqt2ql55f67s.apps.googleusercontent.com",
              "client_type": 3
            }
          ]
        }
      }
    },
    {
      "client_info": {
        "mobilesdk_app_id": "1:1052453369050:android:1aa8fe93602dc8daa861e3",
        "android_client_info": {
          "package_name": "com.firebase.test"
        }
      },
      "oauth_client": [
        {
          "client_id": "1052453369050-v7dcu19mp4pmq9g1vb38lqt2ql55f67s.apps.googleusercontent.com",
          "client_type": 3
        }
      ],
      "api_key": [
        {
          "current_key": "AIzaSyDwBSSIUycqZkA-xXB9h9RwArPPdrSr_L0"
        }
      ],
      "services": {
        "appinvite_service": {
          "other_platform_oauth_client": [
            {
              "client_id": "1052453369050-v7dcu19mp4pmq9g1vb38lqt2ql55f67s.apps.googleusercontent.com",
              "client_type": 3
            }
          ]
        }
      }
    }
  ],
  "configuration_version": "1"
}